1|url1|1|opiss|Tour
2|url2|1|opisss|Tour
3|bla1|2|blaa|Tour
4|bla2|2|blaaa|Tour
5|ww|3|r|Tour
6|ww1|3|r|Tour
7|slika1|4|ops1|Tour
8|slika2|4|ops1|Tour
9|ee|5|dd|Tour
10|urll1|6|d1|Tour
11|urll2|6|d2|Tour
12|jj|7|mj|Tour
13|urllll1|8|ff|Tour
14|aa|9|aa|Tour
15|d1|10|o1|Tour
16|urr|11|oo|Tour
17|ur12|11|oo12|Tour
18|c|11|v|Tour
19|f|11|c|Tour
20|ww|11|ss|Tour
21|dty|11|drtyh|Tour
22|slika1|11|opis111|Tour
23|url1|11|s|Tour
24|5|11|r|Tour
25|6|11|,|Tour
26|d|11|dd|Tour
27|njkcms|15|scjfnlkv|Accommodation
28|iekmkmcls|15|scjfnlkv|Accommodation
29|u1|11|op1|Tour
30|6b|11|n|Tour
31|h|11|b|Tour
32|hdfsdh|16|dsfuhd|Accommodation
33|yyy|16|dsfuhdyy|Accommodation
34|iudwsnf|17|oeof|Accommodation
35|jdeo|17|oeof|Accommodation
36|ndism|18|feim|Accommodation
37|op|18|feim|Accommodation
38|t|19|t|Accommodation
39|t|19|m|Accommodation
40|url1|20|jdjd|Accommodation
41|url2|20|jdjd|Accommodation
42|url1|21|o|Accommodation
43|url2|21|o|Accommodation
44|f|12|f|Tour
45|d|13|c|Tour
46|d|14|d|Tour
47|d|15|d|Tour
48|d|16|d|Tour
49|r|17|r|Tour
50|f|18|f|Tour
51|f|19|f|Tour
56|5|24|f|Tour
56|5|24|f|Tour
56|5|24|f|Tour
56|5|24|f|Tour
56|5|24|f|Tour
57|j|25|j|Tour
58|c|26|f|Tour
