1|Tamara|Miljevic|t|t|Owner|21
2|Andjela|Djordjevic|a|a|Guest2|21
3|Vanja|Nikolic|user3|vanja|Guide|21
4|Adrian|Antonic|Adrian|adrian|Guest1|21
5|Marko|Rasic|mr|mr|Guest2|50
6|Aleksa|Djeric|djera|djera|Guest2|21
7|Mina|Jakovicljevic|mina|mina|Guest2|43
8|Jovan|Milenkovic|Jovan|jovan|Guest1|68
9|Pera|Peric|pera|pera|Owner|54
10|Maja|Zivkovic|maja|maja|Guest1|27
11|Aleksandra|Milinkovic|aki|aki|Guest1|56
12|Ivana|Cvetinovic|ica|ica|Guest2|23
13|Sara|Koman|sara|sara|Guest1|37
14|Milos|Bajunovic|misa|misa|Guest1|75
15|Sava|Miljevic|sava|sava|Guest1|52
16|Andjela|Colovic|ac|ac|Guest2|41
17|Stefan|Djuricic|stefan|stefan|Guest1|68
18|Veljko|Vukotic|veljko|veljko|Guest1|45
19|Filip|Gogic|filip|filip|Guest1|29
20|Valentina|Tesic|vakica|vakica|Guest1|33
21|Mladen|Matic|matic|matic|Guest1|65
22|Mladen|Djurdjevic|mladen|mladen|Guest1|51
23|Stefan|Jevtic|kum|kum|Guest1|48
24|Vanja|Colovic|ccc|ccc|Guest1|58
25|Jelena|Knezevic|jelena|jelena|Guest1|73
26|Isidora|Bogetic|is|is|Guest1|30
27|Magdalena|Savatijevic|lena|lena|Guest1|22
28|Nikola|Djordjevic|ndj|ndj|Guest1|63
29|Milica|Jankovic|mica|mica|Guest1|76
30|Zivorad|Popovic|zika|zika|Guest1|41
31|Jelana|Kostadinovic|jk|jk|Guest1|58
32|Valerija|Rankic|valerija|valerija|Guest1|65
33|Vukasin|Jankovic|vuk|vuk|Guest1|52
34|Marija|Nikolic|mara|mara|Guest1|27
35|Filip|Nikolic|fica|fica|Guest1|64
36|Nina|Batranovic|nb|nb|Guest1|39
37|Luka|Vlajkovic|lv|lv|Guest1|49
38|Katarina|Lausevic|kaca|kaca|Guest1|51
39|Kristina|Lausevic|tina|tina|Guest1|27
40|Jana|Miljevic|jm|jm|Guest1|32
41|Jovana|Miljevic|joca|joca|Guest1|64
42|Andjela|Jankovic|andja|andja|Guest1|38
43|Tanja|Djordjevic|tanja|tanja|Guest1|41
44|Tatjana|Cvetinovic|tatiana|tatiana|Guest1|73
45|Dusan|Djukic|duci|duci|Guest1|25
